ID,Mass,MassUpper,MassLower,Width,WidthUpper,WidthLower,I,G,P,C,Anti,Charge,Rank,Status,Name,Quarks
1,4.67,0.5,0.2,-1,-1,-1,2-Jan,5,1,5,1,-1,0,0,d,d
-1,4.67,0.5,0.2,-1,-1,-1,2-Jan,5,1,5,1,1,0,0,d,D
2,2.16,0.5,0.3,-1,-1,-1,2-Jan,5,1,5,1,2,0,0,u,u
-2,2.16,0.5,0.3,-1,-1,-1,2-Jan,5,1,5,1,-2,0,0,u,U
3,93.4,8.6,3.4,-1,-1,-1,0,5,1,5,1,-1,0,0,s,s
-3,93.4,8.6,3.4,-1,-1,-1,0,5,1,5,1,1,0,0,s,S
4,1270,20,20,-1,-1,-1,0,5,1,5,1,2,0,0,c,c
-4,1270,20,20,-1,-1,-1,0,5,1,5,1,-2,0,0,c,C
5,4180,30,20,-1,-1,-1,0,5,1,5,1,-1,0,0,b,b
-5,4180,30,20,-1,-1,-1,0,5,1,5,1,1,0,0,b,B
6,172500,700,700,1420,190,150,0,5,1,5,1,2,0,0,t,t
-6,172500,700,700,1420,190,150,0,5,1,5,1,-2,0,0,t,T
11,0.51099895,1.50E-10,1.50E-10,0,0,0,,5,5,5,2,-3,0,0,e,
-11,0.51099895,1.50E-10,1.50E-10,0,0,0,,5,5,5,2,3,0,0,e,
12,-1,-1,-1,0,0,0,,5,5,5,1,0,0,1,nu(e),
-12,-1,-1,-1,0,0,0,,5,5,5,1,0,0,1,nu(e),
13,105.6583755,2.30E-06,2.30E-06,3.00E-16,3.00E-22,3.00E-22,,5,5,5,2,-3,0,0,mu,
-13,105.6583755,2.30E-06,2.30E-06,3.00E-16,3.00E-22,3.00E-22,,5,5,5,2,3,0,0,mu,
14,-1,-1,-1,0,0,0,,5,5,5,1,0,0,1,nu(mu),
-14,-1,-1,-1,0,0,0,,5,5,5,1,0,0,1,nu(mu),
15,1776.86,0.12,0.12,2.27E-09,4.00E-12,4.00E-12,,5,5,5,2,-3,0,0,tau,
-15,1776.86,0.12,0.12,2.27E-09,4.00E-12,4.00E-12,,5,5,5,2,3,0,0,tau,
16,-1,-1,-1,0,0,0,,5,5,5,1,0,0,1,nu(tau),
-16,-1,-1,-1,0,0,0,,5,5,5,1,0,0,1,nu(tau),
17,-1,-1,-1,-1,-1,-1,,5,5,5,2,-3,0,4,tau',
-17,-1,-1,-1,-1,-1,-1,,5,5,5,2,3,0,4,tau',
18,-1,-1,-1,-1,-1,-1,,5,5,5,1,0,0,4,nu(tau'),
-18,-1,-1,-1,-1,-1,-1,,5,5,5,1,0,0,4,nu(tau'),
21,0,0,0,0,0,0,,5,-1,5,0,0,0,0,g,
22,0,0,0,0,0,0,,5,-1,-1,0,0,0,0,gamma,
23,91187.6,2.1,2.1,2495.5,2.3,2.3,,5,5,5,0,0,0,0,Z,
24,80377,12,12,2080,40,40,,5,5,5,2,3,0,0,W,
-24,80377,12,12,2080,40,40,,5,5,5,2,-3,0,0,W,
25,125250,170,170,3.2,2.4,1.7,,5,5,5,0,0,0,0,H,
111,134.9768,0.0005,0.0005,7.81E-06,1.20E-07,1.20E-07,1,-1,-1,1,0,0,0,0,pi,(uU-dD)/sqrt(2)
113,775.26,0.23,0.23,149.1,0.8,0.8,1,1,-1,-1,0,0,0,0,rho(770),(uU-dD)/sqrt(2)
115,1318.2,0.6,0.6,107,5,5,1,-1,1,1,0,0,0,0,a(2)(1320),(uU-dD)/sqrt(2)
117,1688.8,2.1,2.1,161,10,10,1,1,-1,-1,0,0,0,0,rho(3)(1690),(uU-dD)/sqrt(2)
119,1967,16,16,324,15,18,1,-1,1,1,0,0,0,0,a(4)(1970),(uU-dD)/sqrt(2)
130,497.611,0.013,0.013,1.29E-14,5.00E-17,5.00E-17,2-Jan,5,-1,5,0,0,0,0,K(L),p(dS)-q(Ds)
211,139.57039,0.00018,0.00018,2.53E-14,5.00E-18,5.00E-18,1,-1,-1,5,2,3,0,0,pi,uD
-211,139.57039,0.00018,0.00018,2.53E-14,5.00E-18,5.00E-18,1,-1,-1,5,2,-3,0,0,pi,Ud
213,775.26,0.23,0.23,149.1,0.8,0.8,1,1,-1,5,2,3,0,0,rho(770),uD
-213,775.26,0.23,0.23,149.1,0.8,0.8,1,1,-1,5,2,-3,0,0,rho(770),Ud
215,1318.2,0.6,0.6,107,5,5,1,-1,1,5,2,3,0,0,a(2)(1320),uD
-215,1318.2,0.6,0.6,107,5,5,1,-1,1,5,2,-3,0,0,a(2)(1320),Ud
217,1688.8,2.1,2.1,161,10,10,1,1,-1,5,2,3,0,0,rho(3)(1690),uD
-217,1688.8,2.1,2.1,161,10,10,1,1,-1,5,2,-3,0,0,rho(3)(1690),Ud
219,1967,16,16,324,15,18,1,-1,1,5,2,3,0,0,a(4)(1970),uD
-219,1967,16,16,324,15,18,1,-1,1,5,2,-3,0,0,a(4)(1970),Ud
221,547.862,0.017,0.017,0.00131,5.00E-05,5.00E-05,0,1,-1,1,0,0,0,0,eta,x(uU+dD)+y(sS)
223,782.66,0.13,0.13,8.68,0.13,0.13,0,-1,-1,-1,0,0,0,0,omega(782),x(uU+dD)+y(sS)
225,1275.4,0.8,0.8,186.6,2.3,2.3,0,1,1,1,0,0,0,0,f(2)(1270),x(uU+dD)+y(sS)
227,1667,4,4,168,10,10,0,-1,-1,-1,0,0,0,0,omega(3)(1670),x(uU+dD)+y(sS)
229,2018,11,11,237,18,18,0,1,1,1,0,0,0,0,f(4)(2050),x(uU+dD)+y(sS)
310,497.611,0.013,0.013,7.35E-12,2.90E-15,2.90E-15,2-Jan,5,-1,5,0,0,0,0,K(S),p(dS)+q(Ds)
311,497.611,0.013,0.013,-1,-1,-1,2-Jan,5,-1,5,1,0,0,0,K,dS
-311,497.611,0.013,0.013,-1,-1,-1,2-Jan,5,-1,5,1,0,0,0,K,Ds
313,895.55,0.2,0.2,47.3,0.5,0.5,2-Jan,5,-1,5,1,0,0,0,K*(892),dS
-313,895.55,0.2,0.2,47.3,0.5,0.5,2-Jan,5,-1,5,1,0,0,0,K*(892),Ds
315,1432.4,1.3,1.3,109,5,5,2-Jan,5,1,5,1,0,0,0,K(2)*(1430),dS
-315,1432.4,1.3,1.3,109,5,5,2-Jan,5,1,5,1,0,0,0,K(2)*(1430),Ds
317,1779,8,8,161,17,17,2-Jan,5,-1,5,1,0,0,0,K(3)*(1780),dS
-317,1779,8,8,161,17,17,2-Jan,5,-1,5,1,0,0,0,K(3)*(1780),Ds
319,2048,8,9,199,27,19,2-Jan,5,1,5,1,0,0,0,K(4)*(2045),dS
-319,2048,8,9,199,27,19,2-Jan,5,1,5,1,0,0,0,K(4)*(2045),Ds
321,493.677,0.016,0.016,5.32E-14,9.00E-17,9.00E-17,2-Jan,5,-1,5,2,3,0,0,K,uS
-321,493.677,0.016,0.016,5.32E-14,9.00E-17,9.00E-17,2-Jan,5,-1,5,2,-3,0,0,K,Us
323,891.67,0.26,0.26,51.4,0.8,0.8,2-Jan,5,-1,5,2,3,0,0,K*(892),uS
-323,891.67,0.26,0.26,51.4,0.8,0.8,2-Jan,5,-1,5,2,-3,0,0,K*(892),Us
325,1427.3,1.5,1.5,100,2.1,2.1,2-Jan,5,1,5,2,3,0,0,K(2)*(1430),uS
-325,1427.3,1.5,1.5,100,2.1,2.1,2-Jan,5,1,5,2,-3,0,0,K(2)*(1430),Us
327,1779,8,8,161,17,17,2-Jan,5,-1,5,2,3,0,0,K(3)*(1780),uS
-327,1779,8,8,161,17,17,2-Jan,5,-1,5,2,-3,0,0,K(3)*(1780),Us
329,2048,8,9,199,27,19,2-Jan,5,1,5,2,3,0,0,K(4)*(2045),uS
-329,2048,8,9,199,27,19,2-Jan,5,1,5,2,-3,0,0,K(4)*(2045),Us
331,957.78,0.06,0.06,0.188,0.006,0.006,0,1,-1,1,0,0,0,0,eta'(958),x(uU+dD)+y(sS)
333,1019.461,0.016,0.016,4.249,0.013,0.013,0,-1,-1,-1,0,0,0,0,phi(1020),x(uU+dD)+y(sS)
335,1517.4,2.5,2.5,86,5,5,0,1,1,1,0,0,0,0,f(2)'(1525),x(uU+dD)+y(sS)
337,1854,7,7,87,28,23,0,-1,-1,-1,0,0,0,0,phi(3)(1850),x(uU+dD)+y(sS)
411,1869.66,0.05,0.05,6.37E-10,2.90E-12,2.90E-12,2-Jan,5,-1,5,2,3,0,0,D,cD
-411,1869.66,0.05,0.05,6.37E-10,2.90E-12,2.90E-12,2-Jan,5,-1,5,2,-3,0,0,D,Cd
413,2010.26,0.05,0.05,0.0834,0.0018,0.0018,2-Jan,5,-1,5,2,3,0,0,D*(2010),cD
-413,2010.26,0.05,0.05,0.0834,0.0018,0.0018,2-Jan,5,-1,5,2,-3,0,0,D*(2010),Cd
415,2461.1,0.7,0.8,47.3,0.8,0.8,2-Jan,5,1,5,2,3,0,0,D(2)*(2460),cD
-415,2461.1,0.7,0.8,47.3,0.8,0.8,2-Jan,5,1,5,2,-3,0,0,D(2)*(2460),Cd
421,1864.84,0.05,0.05,1.60E-09,4.00E-12,4.00E-12,2-Jan,5,-1,5,1,0,0,0,D,cU
-421,1864.84,0.05,0.05,1.60E-09,4.00E-12,4.00E-12,2-Jan,5,-1,5,1,0,0,0,D,Cu
423,2006.85,0.05,0.05,2.1,-1,-1,2-Jan,5,-1,5,1,0,0,0,D*(2007),cU
-423,2006.85,0.05,0.05,2.1,-1,-1,2-Jan,5,-1,5,1,0,0,0,D*(2007),Cu
425,2461.1,0.7,0.8,47.3,0.8,0.8,2-Jan,5,1,5,1,0,0,0,D(2)*(2460),cU
-425,2461.1,0.7,0.8,47.3,0.8,0.8,2-Jan,5,1,5,1,0,0,0,D(2)*(2460),Cu
431,1968.35,0.07,0.07,1.31E-09,1.00E-11,1.00E-11,0,5,-1,5,2,3,0,0,D(s),cS
-431,1968.35,0.07,0.07,1.31E-09,1.00E-11,1.00E-11,0,5,-1,5,2,-3,0,0,D(s),Cs
433,2112.2,0.4,0.4,-1,-1,-1,0,5,5,5,2,3,0,0,D(s)*,cS
-433,2112.2,0.4,0.4,-1,-1,-1,0,5,5,5,2,-3,0,0,D(s)*,Cs
435,2569.1,0.8,0.8,16.9,0.7,0.7,0,5,5,5,2,3,0,0,D(s2)*(2573),cS
-435,2569.1,0.8,0.8,16.9,0.7,0.7,0,5,5,5,2,-3,0,0,D(s2)*(2573),Cs
441,2983.9,0.4,0.4,32,0.7,0.7,0,1,-1,1,0,0,0,0,eta(c)(1S),cC
443,3096.9,0.006,0.006,0.0926,0.0017,0.0017,0,-1,-1,-1,0,0,0,0,J/psi(1S),cC
445,3556.17,0.07,0.07,1.97,0.09,0.09,0,1,1,1,0,0,0,0,chi(c2)(1P),cC
511,5279.66,0.12,0.12,4.33E-10,1.10E-12,1.10E-12,2-Jan,5,-1,5,1,0,0,0,B,dB
-511,5279.66,0.12,0.12,4.33E-10,1.10E-12,1.10E-12,2-Jan,5,-1,5,1,0,0,0,B,Db
513,5324.71,0.21,0.21,-1,-1,-1,2-Jan,5,-1,5,1,0,0,0,B*,dB
-513,5324.71,0.21,0.21,-1,-1,-1,2-Jan,5,-1,5,1,0,0,0,B*,Db
515,5739.5,0.7,0.7,24.2,1.7,1.7,2-Jan,5,1,5,1,0,3,0,B(2)*(5747),dB
-515,5739.5,0.7,0.7,24.2,1.7,1.7,2-Jan,5,1,5,1,0,3,0,B(2)*(5747),Db
521,5279.34,0.12,0.12,4.02E-10,1.00E-12,1.00E-12,2-Jan,5,-1,5,2,3,0,0,B,uB
-521,5279.34,0.12,0.12,4.02E-10,1.00E-12,1.00E-12,2-Jan,5,-1,5,2,-3,0,0,B,Ub
523,5324.71,0.21,0.21,-1,-1,-1,2-Jan,5,-1,5,2,3,0,0,B*,uB
-523,5324.71,0.21,0.21,-1,-1,-1,2-Jan,5,-1,5,2,-3,0,0,B*,Ub
525,5737.2,0.7,0.7,20,5,5,2-Jan,5,1,5,2,3,3,0,B(2)*(5747),uB
-525,5737.2,0.7,0.7,20,5,5,2-Jan,5,1,5,2,-3,3,0,B(2)*(5747),Ub
531,5366.92,0.1,0.1,4.33E-10,1.40E-12,1.40E-12,0,5,-1,5,1,0,0,0,B(s),sB
-531,5366.92,0.1,0.1,4.33E-10,1.40E-12,1.40E-12,0,5,-1,5,1,0,0,0,B(s),Sb
533,5415.4,1.8,1.5,-1,-1,-1,0,5,-1,5,1,0,0,0,B(s)*,sB
-533,5415.4,1.8,1.5,-1,-1,-1,0,5,-1,5,1,0,0,0,B(s)*,Sb
535,5839.86,0.12,0.12,1.49,0.27,0.27,2-Jan,5,1,5,1,0,3,0,B(s2)*(5840),sB
-535,5839.86,0.12,0.12,1.49,0.27,0.27,2-Jan,5,1,5,1,0,3,0,B(s2)*(5840),Sb
541,6274.47,0.32,0.32,1.29E-09,2.30E-11,2.30E-11,0,5,-1,5,2,3,0,0,B(c),cB
-541,6274.47,0.32,0.32,1.29E-09,2.30E-11,2.30E-11,0,5,-1,5,2,-3,0,0,B(c),Cb
551,9398.7,2,2,10,5,4,0,1,-1,1,0,0,0,2,eta(b)(1S),bB
553,9460.4,0.1,0.1,0.054,0.0013,0.0013,0,-1,-1,-1,0,0,0,0,Upsilon(1S),bB
555,9912.2,0.4,0.4,-1,-1,-1,0,1,1,1,0,0,0,0,chi(b2)(1P),bB
1103,-1,-1,-1,-1,-1,-1,1,5,5,5,1,-2,0,4,(dd)(1),
-1103,-1,-1,-1,-1,-1,-1,1,5,5,5,1,2,0,4,(dd)(1),
1112,1610,20,20,130,20,20,2-Mar,5,-1,5,1,-3,4,0,Delta(1620),ddd
-1112,1610,20,20,130,20,20,2-Mar,5,1,5,1,3,4,0,Delta(1620),DDD
1114,1232,2,2,117,3,3,2-Mar,5,1,5,1,-3,4,0,Delta(1232),ddd
-1114,1232,2,2,117,3,3,2-Mar,5,-1,5,1,3,4,0,Delta(1232),DDD
1116,1880,30,25,330,70,60,2-Mar,5,1,5,1,-3,4,1,Delta(1905),ddd
-1116,1880,30,25,330,70,60,2-Mar,5,-1,5,1,3,4,1,Delta(1905),DDD
1118,1930,20,15,280,50,50,2-Mar,5,1,5,1,-3,4,1,Delta(1950),ddd
-1118,1930,20,15,280,50,50,2-Mar,5,-1,5,1,3,4,1,Delta(1950),DDD
1212,1610,20,20,130,20,20,2-Mar,5,-1,5,1,0,4,0,Delta(1620),udd
-1212,1610,20,20,130,20,20,2-Mar,5,1,5,1,0,4,0,Delta(1620),UDD
1214,1515,5,5,110,10,10,2-Jan,5,-1,5,1,0,4,0,N(1520),udd
-1214,1515,5,5,110,10,10,2-Jan,5,1,5,1,0,4,0,N(1520),UDD
1216,1880,30,25,330,70,60,2-Mar,5,1,5,1,0,4,1,Delta(1905),udd
-1216,1880,30,25,330,70,60,2-Mar,5,-1,5,1,0,4,1,Delta(1905),UDD
1218,2180,40,40,400,100,100,2-Jan,5,-1,5,1,0,4,1,N(2190),udd
-1218,2180,40,40,400,100,100,2-Jan,5,1,5,1,0,4,1,N(2190),UDD
2101,-1,-1,-1,-1,-1,-1,1,5,5,5,1,1,0,4,(ud)(0),
-2101,-1,-1,-1,-1,-1,-1,1,5,5,5,1,-1,0,4,(ud)(0),
2103,-1,-1,-1,-1,-1,-1,1,5,5,5,1,1,0,4,(ud)(1),
-2103,-1,-1,-1,-1,-1,-1,1,5,5,5,1,-1,0,4,(ud)(1),
2112,939.5654205,5.00E-07,5.00E-07,7.49E-25,4.00E-28,4.00E-28,2-Jan,5,1,5,1,0,4,0,n,udd
-2112,939.5654205,5.00E-07,5.00E-07,7.49E-25,4.00E-28,4.00E-28,2-Jan,5,-1,5,1,0,4,0,n,UDD
2114,1232,2,2,117,3,3,2-Mar,5,1,5,1,0,4,0,Delta(1232),udd
-2114,1232,2,2,117,3,3,2-Mar,5,-1,5,1,0,4,0,Delta(1232),UDD
2116,1675,5,10,145,15,15,2-Jan,5,-1,5,1,0,4,1,N(1675),udd
-2116,1675,5,10,145,15,15,2-Jan,5,1,5,1,0,4,1,N(1675),UDD
2118,1930,20,15,280,50,50,2-Mar,5,1,5,1,0,4,1,Delta(1950),udd
-2118,1930,20,15,280,50,50,2-Mar,5,-1,5,1,0,4,1,Delta(1950),UDD
2122,1610,20,20,130,20,20,2-Mar,5,-1,5,1,3,4,0,Delta(1620),uud
-2122,1610,20,20,130,20,20,2-Mar,5,1,5,1,-3,4,0,Delta(1620),UUD
2124,1515,5,5,110,10,10,2-Jan,5,-1,5,1,3,4,0,N(1520),uud
-2124,1515,5,5,110,10,10,2-Jan,5,1,5,1,-3,4,0,N(1520),UUD
2126,1880,30,25,330,70,60,2-Mar,5,1,5,1,3,4,1,Delta(1905),uud
-2126,1880,30,25,330,70,60,2-Mar,5,-1,5,1,-3,4,1,Delta(1905),UUD
2128,2180,40,40,400,100,100,2-Jan,5,-1,5,1,3,4,1,N(2190),uud
-2128,2180,40,40,400,100,100,2-Jan,5,1,5,1,-3,4,1,N(2190),UUD
2203,-1,-1,-1,-1,-1,-1,1,5,5,5,1,4,0,4,(uu)(1),
-2203,-1,-1,-1,-1,-1,-1,1,5,5,5,1,-4,0,4,(uu)(1),
2212,938.27208816,2.90E-07,2.90E-07,0,0,0,2-Jan,5,1,5,1,3,4,0,p,uud
-2212,938.27208816,2.90E-07,2.90E-07,0,0,0,2-Jan,5,-1,5,1,-3,4,0,p,UUD
2214,1232,2,2,117,3,3,2-Mar,5,1,5,1,3,4,0,Delta(1232),uud
-2214,1232,2,2,117,3,3,2-Mar,5,-1,5,1,-3,4,0,Delta(1232),UUD
2216,1675,5,10,145,15,15,2-Jan,5,-1,5,1,3,4,1,N(1675),uud
-2216,1675,5,10,145,15,15,2-Jan,5,1,5,1,-3,4,1,N(1675),UUD
2218,1930,20,15,280,50,50,2-Mar,5,1,5,1,3,4,1,Delta(1950),uud
-2218,1930,20,15,280,50,50,2-Mar,5,-1,5,1,-3,4,1,Delta(1950),UUD
2222,1610,20,20,130,20,20,2-Mar,5,-1,5,1,6,4,0,Delta(1620),uuu
-2222,1610,20,20,130,20,20,2-Mar,5,1,5,1,-6,4,0,Delta(1620),UUU
2224,1232,2,2,117,3,3,2-Mar,5,1,5,1,6,4,0,Delta(1232),uuu
-2224,1232,2,2,117,3,3,2-Mar,5,-1,5,1,-6,4,0,Delta(1232),UUU
2226,1880,30,25,330,70,60,2-Mar,5,1,5,1,6,4,1,Delta(1905),uuu
-2226,1880,30,25,330,70,60,2-Mar,5,-1,5,1,-6,4,1,Delta(1905),UUU
2228,1930,20,15,280,50,50,2-Mar,5,1,5,1,6,4,1,Delta(1950),uuu
-2228,1930,20,15,280,50,50,2-Mar,5,-1,5,1,-6,4,1,Delta(1950),UUU
3101,-1,-1,-1,-1,-1,-1,2-Jan,5,5,5,1,-2,0,4,(sd)(0),
-3101,-1,-1,-1,-1,-1,-1,2-Jan,5,5,5,1,2,0,4,(sd)(0),
3103,-1,-1,-1,-1,-1,-1,2-Jan,5,5,5,1,-2,0,4,(sd)(1),
-3103,-1,-1,-1,-1,-1,-1,2-Jan,5,5,5,1,2,0,4,(sd)(1),
3112,1197.449,0.03,0.03,4.45E-12,3.20E-14,3.20E-14,1,5,1,5,1,-3,4,0,Sigma,dds
-3112,1197.449,0.03,0.03,4.45E-12,3.20E-14,3.20E-14,1,5,-1,5,1,3,4,0,Sigma,DDS
3114,1387.2,0.5,0.5,39.4,2.1,2.1,1,5,1,5,1,-3,4,0,Sigma(1385),dds
-3114,1387.2,0.5,0.5,39.4,2.1,2.1,1,5,-1,5,1,3,4,0,Sigma(1385),DDS
3116,1775,5,5,120,15,15,1,5,-1,5,1,-3,4,1,Sigma(1775),dds
-3116,1775,5,5,120,15,15,1,5,1,5,1,3,4,1,Sigma(1775),DDS
3118,2030,10,5,180,20,30,1,5,1,5,1,-3,4,1,Sigma(2030),dds
-3118,2030,10,5,180,20,30,1,5,-1,5,1,3,4,1,Sigma(2030),DDS
3122,1115.683,0.006,0.006,2.50E-12,1.90E-14,1.90E-14,0,5,1,5,1,0,4,0,Lambda,uds
-3122,1115.683,0.006,0.006,2.50E-12,1.90E-14,1.90E-14,0,5,-1,5,1,0,4,0,Lambda,UDS
3124,1519,1,1,16,1,1,0,5,-1,5,1,0,4,0,Lambda(1520),uds
-3124,1519,1,1,16,1,1,0,5,1,5,1,0,4,0,Lambda(1520),UDS
3126,1820,5,5,80,10,10,0,5,1,5,1,0,4,1,Lambda(1820),uds
-3126,1820,5,5,80,10,10,0,5,-1,5,1,0,4,1,Lambda(1820),UDS
3128,2100,10,10,200,50,100,0,5,-1,5,1,0,4,1,Lambda(2100),uds
-3128,2100,10,10,200,50,100,0,5,1,5,1,0,4,1,Lambda(2100),UDS
3201,-1,-1,-1,-1,-1,-1,2-Jan,5,5,5,1,1,0,4,(su)(0),
-3201,-1,-1,-1,-1,-1,-1,2-Jan,5,5,5,1,-1,0,4,(su)(0),
3203,-1,-1,-1,-1,-1,-1,2-Jan,5,5,5,1,1,0,4,(su)(1),
-3203,-1,-1,-1,-1,-1,-1,2-Jan,5,5,5,1,-1,0,4,(su)(1),
3212,1192.642,0.024,0.024,0.0089,0.0009,0.0008,1,5,1,5,1,0,4,0,Sigma,uds
-3212,1192.642,0.024,0.024,0.0089,0.0009,0.0008,1,5,-1,5,1,0,4,0,Sigma,UDS
3214,1383.7,1,1,36,5,5,1,5,1,5,1,0,4,0,Sigma(1385),uds
-3214,1383.7,1,1,36,5,5,1,5,-1,5,1,0,4,0,Sigma(1385),UDS
3216,1775,5,5,120,15,15,1,5,-1,5,1,0,4,1,Sigma(1775),uds
-3216,1775,5,5,120,15,15,1,5,1,5,1,0,4,1,Sigma(1775),UDS
3218,2030,10,5,180,20,30,1,5,1,5,1,0,4,1,Sigma(2030),uds
-3218,2030,10,5,180,20,30,1,5,-1,5,1,0,4,1,Sigma(2030),UDS
3222,1189.37,0.07,0.07,8.21E-12,2.70E-14,2.70E-14,1,5,1,5,1,3,4,0,Sigma,uus
-3222,1189.37,0.07,0.07,8.21E-12,2.70E-14,2.70E-14,1,5,-1,5,1,-3,4,0,Sigma,UUS
3224,1382.83,0.34,0.34,36.2,0.7,0.7,1,5,1,5,1,3,4,0,Sigma(1385),uus
-3224,1382.83,0.34,0.34,36.2,0.7,0.7,1,5,-1,5,1,-3,4,0,Sigma(1385),UUS
3226,1775,5,5,120,15,15,1,5,-1,5,1,3,4,1,Sigma(1775),uus
-3226,1775,5,5,120,15,15,1,5,1,5,1,-3,4,1,Sigma(1775),UUS
3228,2030,10,5,180,20,30,1,5,1,5,1,3,4,1,Sigma(2030),uus
-3228,2030,10,5,180,20,30,1,5,-1,5,1,-3,4,1,Sigma(2030),UUS
3303,-1,-1,-1,-1,-1,-1,0,5,5,5,1,-2,0,4,(ss)(1),
-3303,-1,-1,-1,-1,-1,-1,0,5,5,5,1,2,0,4,(ss)(1),
3312,1321.71,0.07,0.07,4.02E-12,4.00E-14,4.00E-14,2-Jan,5,1,5,1,-3,4,0,Xi,dss
-3312,1321.71,0.07,0.07,4.02E-12,4.00E-14,4.00E-14,2-Jan,5,-1,5,1,3,4,0,Xi,DSS
3314,1535,0.6,0.6,9.9,1.7,1.9,2-Jan,5,1,5,1,-3,4,0,Xi(1530),dss
-3314,1535,0.6,0.6,9.9,1.7,1.9,2-Jan,5,-1,5,1,3,4,0,Xi(1530),DSS
3322,1314.86,0.2,0.2,2.27E-12,7.00E-14,7.00E-14,2-Jan,5,1,5,1,0,4,0,Xi,uss
-3322,1314.86,0.2,0.2,2.27E-12,7.00E-14,7.00E-14,2-Jan,5,-1,5,1,0,4,0,Xi,USS
3324,1531.8,0.32,0.32,9.1,0.5,0.5,2-Jan,5,1,5,1,0,4,0,Xi(1530),uss
-3324,1531.8,0.32,0.32,9.1,0.5,0.5,2-Jan,5,-1,5,1,0,4,0,Xi(1530),USS
3334,1672.45,0.29,0.29,8.02E-12,1.10E-13,1.10E-13,0,5,1,5,1,-3,4,0,Omega,sss
-3334,1672.45,0.29,0.29,8.02E-12,1.10E-13,1.10E-13,0,5,-1,5,1,3,4,0,Omega,SSS
4101,-1,-1,-1,-1,-1,-1,2-Jan,5,5,5,1,1,0,4,(cd)(0),
-4101,-1,-1,-1,-1,-1,-1,2-Jan,5,5,5,1,-1,0,4,(cd)(0),
4103,-1,-1,-1,-1,-1,-1,2-Jan,5,5,5,1,1,0,4,(cd)(1),
-4103,-1,-1,-1,-1,-1,-1,2-Jan,5,5,5,1,-1,0,4,(cd)(1),
4112,2453.75,0.14,0.14,1.83,0.11,0.19,1,5,1,5,1,0,4,0,Sigma(c)(2455),ddc
-4112,2453.75,0.14,0.14,1.83,0.11,0.19,1,5,-1,5,1,0,4,0,Sigma(c)(2455),DDC
4114,2518.48,0.2,0.2,15.3,0.4,0.5,1,5,1,5,1,0,3,0,Sigma(c)(2520),ddc
-4114,2518.48,0.2,0.2,15.3,0.4,0.5,1,5,-1,5,1,0,3,0,Sigma(c)(2520),DDC
4122,2286.46,0.14,0.14,3.27E-09,4.00E-11,4.00E-11,0,5,1,5,1,3,4,0,Lambda(c),udc
-4122,2286.46,0.14,0.14,3.27E-09,4.00E-11,4.00E-11,0,5,-1,5,1,-3,4,0,Lambda(c),UDC
4132,2470.44,0.28,0.28,4.33E-09,7.00E-11,7.00E-11,2-Jan,5,1,5,1,0,3,0,Xi(c),dsc
-4132,2470.44,0.28,0.28,4.33E-09,7.00E-11,7.00E-11,2-Jan,5,-1,5,1,0,3,0,Xi(c),DSC
4201,-1,-1,-1,-1,-1,-1,2-Jan,5,5,5,1,4,0,4,(cu)(0),
-4201,-1,-1,-1,-1,-1,-1,2-Jan,5,5,5,1,-4,0,4,(cu)(0),
4203,-1,-1,-1,-1,-1,-1,2-Jan,5,5,5,1,4,0,4,(cu)(1),
-4203,-1,-1,-1,-1,-1,-1,2-Jan,5,5,5,1,-4,0,4,(cu)(1),
4212,2452.65,0.22,0.16,2.3,0.4,0.4,1,5,1,5,1,3,4,0,Sigma(c)(2455),udc
-4212,2452.65,0.22,0.16,2.3,0.4,0.4,1,5,-1,5,1,-3,4,0,Sigma(c)(2455),UDC
4214,2517.4,0.7,0.5,17.2,4,2.2,1,5,1,5,1,3,3,0,Sigma(c)(2520),udc
-4214,2517.4,0.7,0.5,17.2,4,2.2,1,5,-1,5,1,-3,3,0,Sigma(c)(2520),UDC
4222,2453.97,0.14,0.14,1.89,0.09,0.18,1,5,1,5,1,6,4,0,Sigma(c)(2455),uuc
-4222,2453.97,0.14,0.14,1.89,0.09,0.18,1,5,-1,5,1,-6,4,0,Sigma(c)(2455),UUC
4224,2518.41,0.22,0.18,14.78,0.3,0.4,1,5,1,5,1,6,3,0,Sigma(c)(2520),uuc
-4224,2518.41,0.22,0.18,14.78,0.3,0.4,1,5,-1,5,1,-6,3,0,Sigma(c)(2520),UUC
4232,2467.71,0.23,0.23,1.45E-09,1.60E-11,1.60E-11,2-Jan,5,1,5,1,3,3,0,Xi(c),usc
-4232,2467.71,0.23,0.23,1.45E-09,1.60E-11,1.60E-11,2-Jan,5,-1,5,1,-3,3,0,Xi(c),USC
4301,-1,-1,-1,-1,-1,-1,0,5,5,5,1,1,0,4,(cs)(0),
-4301,-1,-1,-1,-1,-1,-1,0,5,5,5,1,-1,0,4,(cs)(0),
4303,-1,-1,-1,-1,-1,-1,0,5,5,5,1,1,0,4,(cs)(1),
-4303,-1,-1,-1,-1,-1,-1,0,5,5,5,1,-1,0,4,(cs)(1),
4312,2578.7,0.5,0.5,-1,-1,-1,2-Jan,5,1,5,1,0,3,0,Xi(c)',dsc
-4312,2578.7,0.5,0.5,-1,-1,-1,2-Jan,5,-1,5,1,0,3,0,Xi(c)',DSC
4314,2646.16,0.25,0.25,2.35,0.22,0.22,2-Jan,5,1,5,1,0,3,0,Xi(c)(2645),dsc
-4314,2646.16,0.25,0.25,2.35,0.22,0.22,2-Jan,5,-1,5,1,0,3,0,Xi(c)(2645),DSC
4322,2578.2,0.5,0.5,-1,-1,-1,2-Jan,5,1,5,1,3,3,0,Xi(c)',usc
-4322,2578.2,0.5,0.5,-1,-1,-1,2-Jan,5,-1,5,1,-3,3,0,Xi(c)',USC
4324,2645.1,0.3,0.3,2.14,0.19,0.19,2-Jan,5,1,5,1,3,3,0,Xi(c)(2645),usc
-4324,2645.1,0.3,0.3,2.14,0.19,0.19,2-Jan,5,-1,5,1,-3,3,0,Xi(c)(2645),USC
4332,2695.2,1.7,1.7,2.46E-09,2.60E-10,2.20E-10,0,5,1,5,1,0,3,0,Omega(c),ssc
-4332,2695.2,1.7,1.7,2.46E-09,2.60E-10,2.20E-10,0,5,-1,5,1,0,3,0,Omega(c),SSC
4334,2765.9,2,2,-1,-1,-1,0,5,1,5,1,0,3,0,Omega(c)(2770),ssc
-4334,2765.9,2,2,-1,-1,-1,0,5,-1,5,1,0,3,0,Omega(c)(2770),SSC
4403,-1,-1,-1,-1,-1,-1,0,5,5,5,1,4,0,4,(cc)(1),
-4403,-1,-1,-1,-1,-1,-1,0,5,5,5,1,-4,0,4,(cc)(1),
5101,-1,-1,-1,-1,-1,-1,2-Jan,5,5,5,1,-2,0,4,(bd)(0),
-5101,-1,-1,-1,-1,-1,-1,2-Jan,5,5,5,1,2,0,4,(bd)(0),
5103,-1,-1,-1,-1,-1,-1,2-Jan,5,5,5,1,-2,0,4,(bd)(1),
-5103,-1,-1,-1,-1,-1,-1,2-Jan,5,5,5,1,2,0,4,(bd)(1),
5112,5815.64,0.27,0.27,5.3,0.5,0.5,1,5,1,5,1,-3,3,0,Sigma(b),ddb
-5112,5815.64,0.27,0.27,5.3,0.5,0.5,1,5,-1,5,1,3,3,0,Sigma(b),DDB
5114,5834.74,0.3,0.3,10.4,0.8,0.8,1,5,1,5,1,-3,3,0,Sigma(b)*,ddb
-5114,5834.74,0.3,0.3,10.4,0.8,0.8,1,5,-1,5,1,3,3,0,Sigma(b)*,DDB
5122,5619.6,0.17,0.17,4.48E-10,2.70E-12,2.70E-12,0,5,1,5,1,0,3,0,Lambda(b),udb
-5122,5619.6,0.17,0.17,4.48E-10,2.70E-12,2.70E-12,0,5,-1,5,1,0,3,0,Lambda(b),UDB
5132,5797,0.6,0.6,4.19E-10,1.10E-11,1.10E-11,2-Jan,5,1,5,1,-3,3,0,Xi(b),dsb
-5132,5797,0.6,0.6,4.19E-10,1.10E-11,1.10E-11,2-Jan,5,-1,5,1,3,3,0,Xi(b),DSB
5201,-1,-1,-1,-1,-1,-1,2-Jan,5,5,5,1,1,0,4,(bu)(0),
-5201,-1,-1,-1,-1,-1,-1,2-Jan,5,5,5,1,-1,0,4,(bu)(0),
5203,-1,-1,-1,-1,-1,-1,2-Jan,5,5,5,1,1,0,4,(bu)(1),
-5203,-1,-1,-1,-1,-1,-1,2-Jan,5,5,5,1,-1,0,4,(bu)(1),
5222,5810.56,0.25,0.25,5,0.5,0.5,1,5,1,5,1,3,3,0,Sigma(b),uub
-5222,5810.56,0.25,0.25,5,0.5,0.5,1,5,-1,5,1,-3,3,0,Sigma(b),UUB
5224,5830.32,0.27,0.27,9.4,0.5,0.5,1,5,1,5,1,3,3,0,Sigma(b)*,uub
-5224,5830.32,0.27,0.27,9.4,0.5,0.5,1,5,-1,5,1,-3,3,0,Sigma(b)*,UUB
5232,5791.9,0.5,0.5,4.45E-10,9.00E-12,9.00E-12,2-Jan,5,1,5,1,0,3,0,Xi(b),usb
-5232,5791.9,0.5,0.5,4.45E-10,9.00E-12,9.00E-12,2-Jan,5,-1,5,1,0,3,0,Xi(b),USB
5301,-1,-1,-1,-1,-1,-1,0,5,5,5,1,-2,0,4,(bs)(0),
-5301,-1,-1,-1,-1,-1,-1,0,5,5,5,1,2,0,4,(bs)(0),
5303,-1,-1,-1,-1,-1,-1,0,5,5,5,1,-2,0,4,(bs)(1),
-5303,-1,-1,-1,-1,-1,-1,0,5,5,5,1,2,0,4,(bs)(1),
5332,6045.2,1.2,1.2,4.00E-10,5.00E-11,4.00E-11,0,5,1,5,1,-3,3,0,Omega(b),ssb
-5332,6045.2,1.2,1.2,4.00E-10,5.00E-11,4.00E-11,0,5,-1,5,1,3,3,0,Omega(b),SSB
5401,-1,-1,-1,-1,-1,-1,0,5,5,5,1,1,0,4,(bc)(0),
-5401,-1,-1,-1,-1,-1,-1,0,5,5,5,1,-1,0,4,(bc)(0),
5403,-1,-1,-1,-1,-1,-1,0,5,5,5,1,1,0,4,(bc)(1),
-5403,-1,-1,-1,-1,-1,-1,0,5,5,5,1,-1,0,4,(bc)(1),
5503,-1,-1,-1,-1,-1,-1,0,5,5,5,1,-2,0,4,(bb)(1),
-5503,-1,-1,-1,-1,-1,-1,0,5,5,5,1,2,0,4,(bb)(1),
10111,1439,34,34,258,14,14,1,-1,1,1,0,0,0,0,a(0)(1450),(uU-dD)/sqrt(2)
10113,1229.5,3.2,3.2,142,9,9,1,1,1,-1,0,0,0,0,b(1)(1235),(uU-dD)/sqrt(2)
10115,1670.6,2.9,1.2,258,8,9,1,-1,-1,1,0,0,0,0,pi(2)(1670),(uU-dD)/sqrt(2)
10211,1439,34,34,258,14,14,1,-1,1,5,2,3,0,0,a(0)(1450),uD
-10211,1439,34,34,258,14,14,1,-1,1,5,2,-3,0,0,a(0)(1450),Ud
10213,1229.5,3.2,3.2,142,9,9,1,1,1,5,2,3,0,0,b(1)(1235),uD
-10213,1229.5,3.2,3.2,142,9,9,1,1,1,5,2,-3,0,0,b(1)(1235),Ud
10215,1670.6,2.9,1.2,258,8,9,1,-1,-1,5,2,3,0,0,pi(2)(1670),uD
-10215,1670.6,2.9,1.2,258,8,9,1,-1,-1,5,2,-3,0,0,pi(2)(1670),Ud
10221,1350,150,150,350,150,150,0,1,1,1,0,0,0,0,f(0)(1370),x(uU+dD)+y(sS)
10223,1166,6,6,375,35,35,0,-1,1,-1,0,0,0,0,h(1)(1170),x(uU+dD)+y(sS)
10225,1617,5,5,181,11,11,0,1,-1,1,0,0,0,0,eta(2)(1645),x(uU+dD)+y(sS)
10311,1430,50,50,270,80,80,2-Jan,5,1,5,1,0,0,0,K(0)*(1430),dS
-10311,1430,50,50,270,80,80,2-Jan,5,1,5,1,0,0,0,K(0)*(1430),Ds
10313,1253,7,7,90,20,20,2-Jan,5,1,5,1,0,0,0,K(1)(1270),dS
-10313,1253,7,7,90,20,20,2-Jan,5,1,5,1,0,0,0,K(1)(1270),Ds
10315,1773,8,8,186,14,14,2-Jan,5,-1,5,1,0,0,0,K(2)(1770),dS
-10315,1773,8,8,186,14,14,2-Jan,5,-1,5,1,0,0,0,K(2)(1770),Ds
10321,1430,50,50,270,80,80,2-Jan,5,1,5,2,3,0,0,K(0)*(1430),uS
-10321,1430,50,50,270,80,80,2-Jan,5,1,5,2,-3,0,0,K(0)*(1430),Us
10323,1253,7,7,90,20,20,2-Jan,5,1,5,2,3,0,0,K(1)(1270),uS
-10323,1253,7,7,90,20,20,2-Jan,5,1,5,2,-3,0,0,K(1)(1270),Us
10325,1773,8,8,186,14,14,2-Jan,5,-1,5,2,3,0,0,K(2)(1770),uS
-10325,1773,8,8,186,14,14,2-Jan,5,-1,5,2,-3,0,0,K(2)(1770),Us
10331,1733,8,7,150,12,10,0,1,1,1,0,0,0,0,f(0)(1710),x(uU+dD)+y(sS)
10333,1409,9,8,78,11,11,?,-1,1,-1,0,0,0,2,h(1)(1415),x(uU+dD)+y(sS)
10335,1842,8,8,225,14,14,0,1,-1,1,0,0,0,2,eta(2)(1870),x(uU+dD)+y(sS)
10411,2343,10,10,229,16,16,2-Jan,5,5,5,2,3,0,2,D(0)*(2300),cD
-10411,2343,10,10,229,16,16,2-Jan,5,5,5,2,-3,0,2,D(0)*(2300),Cd
10413,2422.1,0.6,0.6,31.3,1.9,1.9,2-Jan,5,5,5,2,3,0,2,D(1)(2420),cD
-10413,2422.1,0.6,0.6,31.3,1.9,1.9,2-Jan,5,5,5,2,-3,0,2,D(1)(2420),Cd
10421,2343,10,10,229,16,16,2-Jan,5,1,5,1,0,0,2,D(0)*(2300),cU
-10421,2343,10,10,229,16,16,2-Jan,5,1,5,1,0,0,2,D(0)*(2300),Cu
10423,2422.1,0.6,0.6,31.3,1.9,1.9,2-Jan,5,1,5,1,0,0,0,D(1)(2420),cU
-10423,2422.1,0.6,0.6,31.3,1.9,1.9,2-Jan,5,1,5,1,0,0,0,D(1)(2420),Cu
10431,2317.8,0.5,0.5,10,-1,-1,0,5,1,5,2,3,0,0,D(s0)*(2317),cS
-10431,2317.8,0.5,0.5,10,-1,-1,0,5,1,5,2,-3,0,0,D(s0)*(2317),Cs
10433,2535.11,0.06,0.06,0.92,0.05,0.05,0,5,1,5,2,3,0,0,D(s1)(2536),cS
-10433,2535.11,0.06,0.06,0.92,0.05,0.05,0,5,1,5,2,-3,0,0,D(s1)(2536),Cs
10441,3414.71,0.3,0.3,10.8,0.6,0.6,0,1,1,1,0,0,0,0,chi(c0)(1P),cC
10443,3525.37,0.14,0.14,0.78,0.28,0.28,?,5,1,-1,0,0,0,0,h(c)(1P),cC
10551,9859.4,0.5,0.5,-1,-1,-1,0,1,1,1,0,0,0,0,chi(b0)(1P),bB
10553,9899.3,0.8,0.8,-1,-1,-1,0,5,1,-1,0,0,0,0,h(b)(1P),bB
11112,1860,60,20,250,70,70,2-Mar,5,-1,5,1,-3,3,0,Delta(1900),ddd
-11112,1860,60,20,250,70,70,2-Mar,5,1,5,1,3,3,0,Delta(1900),DDD
11114,1710,20,20,300,80,80,2-Mar,5,-1,5,1,-3,4,1,Delta(1700),ddd
-11114,1710,20,20,300,80,80,2-Mar,5,1,5,1,3,4,1,Delta(1700),DDD
11116,1950,50,50,300,100,100,2-Mar,5,-1,5,1,-3,3,1,Delta(1930),ddd
-11116,1950,50,50,300,100,100,2-Mar,5,1,5,1,3,3,1,Delta(1930),DDD
11212,1860,60,20,250,70,70,2-Mar,5,-1,5,1,0,3,0,Delta(1900),udd
-11212,1860,60,20,250,70,70,2-Mar,5,1,5,1,0,3,0,Delta(1900),UDD
11216,1950,50,50,300,100,100,2-Mar,5,-1,5,1,0,3,1,Delta(1930),udd
-11216,1950,50,50,300,100,100,2-Mar,5,1,5,1,0,3,1,Delta(1930),UDD
12112,1440,30,30,350,100,100,2-Jan,5,1,5,1,0,4,0,N(1440),udd
-12112,1440,30,30,350,100,100,2-Jan,5,-1,5,1,0,4,0,N(1440),UDD
12114,1710,20,20,300,80,80,2-Mar,5,-1,5,1,0,4,1,Delta(1700),udd
-12114,1710,20,20,300,80,80,2-Mar,5,1,5,1,0,4,1,Delta(1700),UDD
12116,1685,5,5,120,10,5,2-Jan,5,1,5,1,0,4,1,N(1680),udd
-12116,1685,5,5,120,10,5,2-Jan,5,-1,5,1,0,4,1,N(1680),UDD
12122,1860,60,20,250,70,70,2-Mar,5,-1,5,1,3,3,0,Delta(1900),uud
-12122,1860,60,20,250,70,70,2-Mar,5,1,5,1,-3,3,0,Delta(1900),UUD
12126,1950,50,50,300,100,100,2-Mar,5,-1,5,1,3,3,1,Delta(1930),uud
-12126,1950,50,50,300,100,100,2-Mar,5,1,5,1,-3,3,1,Delta(1930),UUD
12212,1440,30,30,350,100,100,2-Jan,5,1,5,1,3,4,0,N(1440),uud
-12212,1440,30,30,350,100,100,2-Jan,5,-1,5,1,-3,4,0,N(1440),UUD
12214,1710,20,20,300,80,80,2-Mar,5,-1,5,1,3,4,1,Delta(1700),uud
-12214,1710,20,20,300,80,80,2-Mar,5,1,5,1,-3,4,1,Delta(1700),UUD
12216,1685,5,5,120,10,5,2-Jan,5,1,5,1,3,4,1,N(1680),uud
-12216,1685,5,5,120,10,5,2-Jan,5,-1,5,1,-3,4,1,N(1680),UUD
12222,1860,60,20,250,70,70,2-Mar,5,-1,5,1,6,3,0,Delta(1900),uuu
-12222,1860,60,20,250,70,70,2-Mar,5,1,5,1,-6,3,0,Delta(1900),UUU
12224,1710,20,20,300,80,80,2-Mar,5,-1,5,1,6,4,1,Delta(1700),uuu
-12224,1710,20,20,300,80,80,2-Mar,5,1,5,1,-6,4,1,Delta(1700),UUU
12226,1950,50,50,300,100,100,2-Mar,5,-1,5,1,6,3,1,Delta(1930),uuu
-12226,1950,50,50,300,100,100,2-Mar,5,1,5,1,-6,3,1,Delta(1930),UUU
13112,1660,20,20,200,100,100,1,5,1,5,1,-3,3,0,Sigma(1660),dds
-13112,1660,20,20,200,100,100,1,5,-1,5,1,3,3,0,Sigma(1660),DDS
13114,1675,10,10,70,30,30,1,5,-1,5,1,-3,4,1,Sigma(1670),dds
-13114,1675,10,10,70,30,30,1,5,1,5,1,3,4,1,Sigma(1670),DDS
13116,1915,20,15,120,40,40,1,5,1,5,1,-3,4,1,Sigma(1915),dds
-13116,1915,20,15,120,40,40,1,5,-1,5,1,3,4,1,Sigma(1915),DDS
13122,1405.1,1.3,1,50.5,2,2,0,5,-1,5,1,0,4,0,Lambda(1405),uds
-13122,1405.1,1.3,1,50.5,2,2,0,5,1,5,1,0,4,0,Lambda(1405),UDS
13124,1690,5,5,70,10,10,0,5,-1,5,1,0,4,1,Lambda(1690),uds
-13124,1690,5,5,70,10,10,0,5,1,5,1,0,4,1,Lambda(1690),UDS
13126,1825,5,5,90,30,30,0,5,-1,5,1,0,4,1,Lambda(1830),uds
-13126,1825,5,5,90,30,30,0,5,1,5,1,0,4,1,Lambda(1830),UDS
13212,1660,20,20,200,100,100,1,5,1,5,1,0,3,0,Sigma(1660),uds
-13212,1660,20,20,200,100,100,1,5,-1,5,1,0,3,0,Sigma(1660),UDS
13214,1675,10,10,70,30,30,1,5,-1,5,1,0,4,1,Sigma(1670),uds
-13214,1675,10,10,70,30,30,1,5,1,5,1,0,4,1,Sigma(1670),UDS
13216,1915,20,15,120,40,40,1,5,1,5,1,0,4,1,Sigma(1915),uds
-13216,1915,20,15,120,40,40,1,5,-1,5,1,0,4,1,Sigma(1915),UDS
13222,1660,20,20,200,100,100,1,5,1,5,1,3,3,0,Sigma(1660),uus
-13222,1660,20,20,200,100,100,1,5,-1,5,1,-3,3,0,Sigma(1660),UUS
13224,1675,10,10,70,30,30,1,5,-1,5,1,3,4,1,Sigma(1670),uus
-13224,1675,10,10,70,30,30,1,5,1,5,1,-3,4,1,Sigma(1670),UUS
13226,1915,20,15,120,40,40,1,5,1,5,1,3,4,1,Sigma(1915),uus
-13226,1915,20,15,120,40,40,1,5,-1,5,1,-3,4,1,Sigma(1915),UUS
13314,1823,5,5,24,15,10,2-Jan,5,-1,5,1,-3,3,1,Xi(1820),dss
-13314,1823,5,5,24,15,10,2-Jan,5,1,5,1,3,3,1,Xi(1820),DSS
13324,1823,5,5,24,15,10,2-Jan,5,-1,5,1,0,3,1,Xi(1820),uss
-13324,1823,5,5,24,15,10,2-Jan,5,1,5,1,0,3,1,Xi(1820),USS
14122,2592.25,0.28,0.28,2.6,0.6,0.6,0,5,-1,5,1,3,3,0,Lambda(c)(2595),udc
-14122,2592.25,0.28,0.28,2.6,0.6,0.6,0,5,1,5,1,-3,3,0,Lambda(c)(2595),UDC
20113,1230,40,40,420,180,180,1,-1,1,1,0,0,0,0,a(1)(1260),(uU-dD)/sqrt(2)
20213,1230,40,40,420,180,180,1,-1,1,5,2,3,0,0,a(1)(1260),uD
-20213,1230,40,40,420,180,180,1,-1,1,5,2,-3,0,0,a(1)(1260),Ud
20223,1281.9,0.5,0.5,22.7,1.1,1.1,0,1,1,1,0,0,0,0,f(1)(1285),x(uU+dD)+y(sS)
20313,1403,7,7,174,13,13,2-Jan,5,1,5,1,0,0,0,K(1)(1400),dS
-20313,1403,7,7,174,13,13,2-Jan,5,1,5,1,0,0,0,K(1)(1400),Ds
20315,1819,12,12,264,34,34,2-Jan,5,-1,5,1,0,0,0,K(2)(1820),dS
-20315,1819,12,12,264,34,34,2-Jan,5,-1,5,1,0,0,0,K(2)(1820),Ds
20323,1403,7,7,174,13,13,2-Jan,5,1,5,2,3,0,0,K(1)(1400),uS
-20323,1403,7,7,174,13,13,2-Jan,5,1,5,2,-3,0,0,K(1)(1400),Us
20325,1819,12,12,264,34,34,2-Jan,5,-1,5,2,3,0,0,K(2)(1820),uS
-20325,1819,12,12,264,34,34,2-Jan,5,-1,5,2,-3,0,0,K(2)(1820),Us
20333,1426.3,0.9,0.9,54.5,2.6,2.6,0,1,1,1,0,0,0,0,f(1)(1420),x(uU+dD)+y(sS)
20423,2412,9,9,314,29,29,2-Jan,5,1,5,1,0,0,2,D(1)(2430),cU
-20423,2412,9,9,314,29,29,2-Jan,5,1,5,1,0,0,2,D(1)(2430),Cu
20433,2459.5,0.6,0.6,6.3,-1,-1,0,5,1,5,2,3,0,0,D(s1)(2460),cS
-20433,2459.5,0.6,0.6,6.3,-1,-1,0,5,1,5,2,-3,0,0,D(s1)(2460),Cs
20443,3510.67,0.05,0.05,0.84,0.04,0.04,0,1,1,1,0,0,0,0,chi(c1)(1P),cC
20553,9892.8,0.4,0.4,-1,-1,-1,0,1,1,1,0,0,0,0,chi(b1)(1P),bB
20555,10163.7,1.4,1.4,-1,-1,-1,0,-1,-1,-1,0,0,0,0,Upsilon(2)(1D),bB
21112,1900,50,50,300,100,100,2-Mar,5,1,5,1,-3,4,1,Delta(1910),ddd
-21112,1900,50,50,300,100,100,2-Mar,5,-1,5,1,3,4,1,Delta(1910),DDD
21114,1920,50,50,300,60,60,2-Mar,5,1,5,1,-3,3,1,Delta(1920),ddd
-21114,1920,50,50,300,60,60,2-Mar,5,-1,5,1,3,3,1,Delta(1920),DDD
21212,1900,50,50,300,100,100,2-Mar,5,1,5,1,0,4,1,Delta(1910),udd
-21212,1900,50,50,300,100,100,2-Mar,5,-1,5,1,0,4,1,Delta(1910),UDD
21214,1720,80,70,200,100,100,2-Jan,5,-1,5,1,0,3,1,N(1700),udd
-21214,1720,80,70,200,100,100,2-Jan,5,1,5,1,0,3,1,N(1700),UDD
22112,1530,15,15,150,25,25,2-Jan,5,-1,5,1,0,4,0,N(1535),udd
-22112,1530,15,15,150,25,25,2-Jan,5,1,5,1,0,4,0,N(1535),UDD
22114,1920,50,50,300,60,60,2-Mar,5,1,5,1,0,3,1,Delta(1920),udd
-22114,1920,50,50,300,60,60,2-Mar,5,-1,5,1,0,3,1,Delta(1920),UDD
22122,1900,50,50,300,100,100,2-Mar,5,1,5,1,3,4,1,Delta(1910),uud
-22122,1900,50,50,300,100,100,2-Mar,5,-1,5,1,-3,4,1,Delta(1910),UUD
22124,1720,80,70,200,100,100,2-Jan,5,-1,5,1,3,3,1,N(1700),uud
-22124,1720,80,70,200,100,100,2-Jan,5,1,5,1,-3,3,1,N(1700),UUD
22212,1530,15,15,150,25,25,2-Jan,5,-1,5,1,3,4,0,N(1535),uud
-22212,1530,15,15,150,25,25,2-Jan,5,1,5,1,-3,4,0,N(1535),UUD
22214,1920,50,50,300,60,60,2-Mar,5,1,5,1,3,3,1,Delta(1920),uud
-22214,1920,50,50,300,60,60,2-Mar,5,-1,5,1,-3,3,1,Delta(1920),UUD
22222,1900,50,50,300,100,100,2-Mar,5,1,5,1,6,4,1,Delta(1910),uuu
-22222,1900,50,50,300,100,100,2-Mar,5,-1,5,1,-6,4,1,Delta(1910),UUU
22224,1920,50,50,300,60,60,2-Mar,5,1,5,1,6,3,1,Delta(1920),uuu
-22224,1920,50,50,300,60,60,2-Mar,5,-1,5,1,-6,3,1,Delta(1920),UUU
23112,1750,50,50,150,50,50,1,5,-1,5,1,-3,3,1,Sigma(1750),dds
-23112,1750,50,50,150,50,50,1,5,1,5,1,3,3,1,Sigma(1750),DDS
23114,1910,40,40,220,80,70,1,5,-1,5,1,-3,3,1,Sigma(1910),dds
-23114,1910,40,40,220,80,70,1,5,1,5,1,3,3,1,Sigma(1910),DDS
23122,1600,30,30,200,50,50,0,5,1,5,1,0,3,1,Lambda(1600),uds
-23122,1600,30,30,200,50,50,0,5,-1,5,1,0,3,1,Lambda(1600),UDS
23124,1890,20,20,120,40,40,0,5,1,5,1,0,4,1,Lambda(1890),uds
-23124,1890,20,20,120,40,40,0,5,-1,5,1,0,4,1,Lambda(1890),UDS
23126,2090,40,40,250,50,50,0,5,1,5,1,0,3,1,Lambda(2110),uds
-23126,2090,40,40,250,50,50,0,5,-1,5,1,0,3,1,Lambda(2110),UDS
23212,1750,50,50,150,50,50,1,5,-1,5,1,0,3,1,Sigma(1750),uds
-23212,1750,50,50,150,50,50,1,5,1,5,1,0,3,1,Sigma(1750),UDS
23214,1910,40,40,220,80,70,1,5,-1,5,1,0,3,1,Sigma(1910),uds
-23214,1910,40,40,220,80,70,1,5,1,5,1,0,3,1,Sigma(1910),UDS
23222,1750,50,50,150,50,50,1,5,-1,5,1,3,3,1,Sigma(1750),uus
-23222,1750,50,50,150,50,50,1,5,1,5,1,-3,3,1,Sigma(1750),UUS
23224,1910,40,40,220,80,70,1,5,-1,5,1,3,3,1,Sigma(1910),uus
-23224,1910,40,40,220,80,70,1,5,1,5,1,-3,3,1,Sigma(1910),UUS
30113,1720,20,20,250,100,100,1,1,-1,-1,0,0,0,0,rho(1700),(uU-dD)/sqrt(2)
30213,1720,20,20,250,100,100,1,1,-1,5,2,3,0,0,rho(1700),uD
-30213,1720,20,20,250,100,100,1,1,-1,5,2,-3,0,0,rho(1700),Ud
30223,1670,30,30,315,35,35,0,-1,-1,-1,0,0,0,0,omega(1650),x(uU+dD)+y(sS)
30313,1718,18,18,320,110,110,2-Jan,5,-1,5,1,0,0,0,K*(1680),dS
-30313,1718,18,18,320,110,110,2-Jan,5,-1,5,1,0,0,0,K*(1680),Ds
30323,1718,18,18,320,110,110,2-Jan,5,-1,5,2,3,0,0,K*(1680),uS
-30323,1718,18,18,320,110,110,2-Jan,5,-1,5,2,-3,0,0,K*(1680),Us
30443,3773.7,0.4,0.4,27.2,1,1,0,-1,-1,-1,0,0,0,0,psi(3770),cC
31114,1570,70,70,250,50,50,2-Mar,5,1,5,1,-3,3,0,Delta(1600),ddd
-31114,1570,70,70,250,50,50,2-Mar,5,-1,5,1,3,3,0,Delta(1600),DDD
31214,1720,30,40,250,150,100,2-Jan,5,1,5,1,0,4,1,N(1720),udd
-31214,1720,30,40,250,150,100,2-Jan,5,-1,5,1,0,4,1,N(1720),UDD
32112,1650,15,15,125,25,25,2-Jan,5,-1,5,1,0,4,1,N(1650),udd
-32112,1650,15,15,125,25,25,2-Jan,5,1,5,1,0,4,1,N(1650),UDD
32114,1570,70,70,250,50,50,2-Mar,5,1,5,1,0,3,0,Delta(1600),udd
-32114,1570,70,70,250,50,50,2-Mar,5,-1,5,1,0,3,0,Delta(1600),UDD
32124,1720,30,40,250,150,100,2-Jan,5,1,5,1,3,4,1,N(1720),uud
-32124,1720,30,40,250,150,100,2-Jan,5,-1,5,1,-3,4,1,N(1720),UUD
32212,1650,15,15,125,25,25,2-Jan,5,-1,5,1,3,4,1,N(1650),uud
-32212,1650,15,15,125,25,25,2-Jan,5,1,5,1,-3,4,1,N(1650),UUD
32214,1570,70,70,250,50,50,2-Mar,5,1,5,1,3,3,0,Delta(1600),uud
-32214,1570,70,70,250,50,50,2-Mar,5,-1,5,1,-3,3,0,Delta(1600),UUD
32224,1570,70,70,250,50,50,2-Mar,5,1,5,1,6,3,0,Delta(1600),uuu
-32224,1570,70,70,250,50,50,2-Mar,5,-1,5,1,-6,3,0,Delta(1600),UUU
33122,1674,4,4,30,5,5,0,5,-1,5,1,0,4,1,Lambda(1670),uds
-33122,1674,4,4,30,5,5,0,5,1,5,1,0,4,1,Lambda(1670),UDS
42112,1710,30,30,140,60,60,2-Jan,5,1,5,1,0,3,1,N(1710),udd
-42112,1710,30,30,140,60,60,2-Jan,5,-1,5,1,0,3,1,N(1710),UDD
42212,1710,30,30,140,60,60,2-Jan,5,1,5,1,3,3,1,N(1710),uud
-42212,1710,30,30,140,60,60,2-Jan,5,-1,5,1,-3,3,1,N(1710),UUD
43122,1800,50,50,200,50,50,0,5,-1,5,1,0,3,1,Lambda(1800),uds
-43122,1800,50,50,200,50,50,0,5,1,5,1,0,3,1,Lambda(1800),UDS
53122,1790,50,50,110,60,60,0,5,1,5,1,0,3,1,Lambda(1810),uds
-53122,1790,50,50,110,60,60,0,5,-1,5,1,0,3,1,Lambda(1810),UDS
100111,1300,100,100,400,200,200,1,-1,-1,1,0,0,0,0,pi(1300),(uU-dD)/sqrt(2)
100113,1465,25,25,400,60,60,1,1,-1,-1,0,0,0,0,rho(1450),(uU-dD)/sqrt(2)
100211,1300,100,100,400,200,200,1,-1,-1,5,2,3,0,0,pi(1300),uD
-100211,1300,100,100,400,200,200,1,-1,-1,5,2,-3,0,0,pi(1300),Ud
100213,1465,25,25,400,60,60,1,1,-1,5,2,3,0,0,rho(1450),uD
-100213,1465,25,25,400,60,60,1,1,-1,5,2,-3,0,0,rho(1450),Ud
100221,1294,4,4,55,5,5,0,1,-1,1,0,0,0,0,eta(1295),x(uU+dD)+y(sS)
100223,1410,60,60,290,190,190,0,-1,-1,-1,0,0,0,0,omega(1420),x(uU+dD)+y(sS)
100313,1414,15,15,232,21,21,2-Jan,5,-1,5,1,0,0,0,K*(1410),dS
-100313,1414,15,15,232,21,21,2-Jan,5,-1,5,1,0,0,0,K*(1410),Ds
100321,-1,-1,-1,-1,-1,-1,2-Jan,5,5,5,2,3,0,2,K(1460),uS
-100321,-1,-1,-1,-1,-1,-1,2-Jan,5,5,5,2,-3,0,2,K(1460),Us
100323,1414,15,15,232,21,21,2-Jan,5,-1,5,2,3,0,0,K*(1410),uS
-100323,1414,15,15,232,21,21,2-Jan,5,-1,5,2,-3,0,0,K*(1410),Us
100331,1475,4,4,90,9,9,0,1,-1,1,0,0,0,0,eta(1475),x(uU+dD)+y(sS)
100333,1680,20,20,150,50,50,0,-1,-1,-1,0,0,0,0,phi(1680),x(uU+dD)+y(sS)
100441,3637.7,1.1,1.1,13.9,2.6,2.6,0,1,-1,1,0,0,0,0,eta(c)(2S),cC
100443,3686.1,0.06,0.06,0.294,0.008,0.008,0,-1,-1,-1,0,0,0,0,psi(2S),cC
100445,3922.5,1,1,35.2,2.2,2.2,0,1,1,1,0,0,0,2,chi(c2)(3930),cC
100553,10023.4,0.5,0.5,0.032,0.0026,0.0026,0,-1,-1,-1,0,0,0,0,Upsilon(2S),bB
100555,10268.6,0.5,0.5,-1,-1,-1,0,1,1,1,0,0,0,0,chi(b2)(2P),bB
103316,1950,15,15,60,20,20,2-Jan,5,5,5,1,-3,3,1,Xi(1950),dss
-103316,1950,15,15,60,20,20,2-Jan,5,5,5,1,3,3,1,Xi(1950),DSS
103326,1950,15,15,60,20,20,2-Jan,5,5,5,1,0,3,1,Xi(1950),uss
-103326,1950,15,15,60,20,20,2-Jan,5,5,5,1,0,3,1,Xi(1950),USS
104122,2628.11,0.19,0.19,-1,-1,-1,0,5,-1,5,1,3,3,0,Lambda(c)(2625),udc
-104122,2628.11,0.19,0.19,-1,-1,-1,0,5,1,5,1,-3,3,0,Lambda(c)(2625),UDC
104312,2819.79,0.3,0.3,2.54,0.25,0.25,2-Jan,5,-1,5,1,0,3,0,Xi(c)(2815),dsc
-104312,2819.79,0.3,0.3,2.54,0.25,0.25,2-Jan,5,1,5,1,0,3,0,Xi(c)(2815),DSC
104314,2793.9,0.5,0.5,10,1.1,1.1,2-Jan,5,-1,5,1,0,3,0,Xi(c)(2790),dsc
-104314,2793.9,0.5,0.5,10,1.1,1.1,2-Jan,5,1,5,1,0,3,0,Xi(c)(2790),DSC
104322,2816.51,0.25,0.25,2.43,0.26,0.26,2-Jan,5,-1,5,1,3,3,0,Xi(c)(2815),usc
-104322,2816.51,0.25,0.25,2.43,0.26,0.26,2-Jan,5,1,5,1,-3,3,0,Xi(c)(2815),USC
104324,2791.9,0.5,0.5,8.9,1,1,2-Jan,5,-1,5,1,3,3,0,Xi(c)(2790),usc
-104324,2791.9,0.5,0.5,8.9,1,1,2-Jan,5,1,5,1,-3,3,0,Xi(c)(2790),USC
110551,10232.5,0.6,0.6,-1,-1,-1,0,1,1,1,0,0,0,0,chi(b0)(2P),bB
110553,10259.8,1.2,1.2,-1,-1,-1,0,5,1,-1,0,0,0,0,h(b)(2P),bB
120553,10255.5,0.5,0.5,-1,-1,-1,0,1,1,1,0,0,0,0,chi(b1)(2P),bB
200553,10355.1,0.5,0.5,0.0203,0.0019,0.0019,0,-1,-1,-1,0,0,0,0,Upsilon(3S),bB
200555,10524,0.8,0.8,-1,-1,-1,0,1,1,1,0,0,0,0,chi(b2)(3P),bB
203312,1690,10,10,20,15,15,2-Jan,5,5,5,1,-3,3,1,Xi(1690),dss
-203312,1690,10,10,20,15,15,2-Jan,5,5,5,1,3,3,1,Xi(1690),DSS
203316,2025,5,5,20,15,5,2-Jan,5,5,5,1,-3,3,1,Xi(2030),dss
-203316,2025,5,5,20,15,5,2-Jan,5,5,5,1,3,3,1,Xi(2030),DSS
203322,1690,10,10,20,15,15,2-Jan,5,5,5,1,0,3,1,Xi(1690),uss
-203322,1690,10,10,20,15,15,2-Jan,5,5,5,1,0,3,1,Xi(1690),USS
203326,2025,5,5,20,15,5,2-Jan,5,5,5,1,0,3,1,Xi(2030),uss
-203326,2025,5,5,20,15,5,2-Jan,5,5,5,1,0,3,1,Xi(2030),USS
203338,2252,9,9,55,18,18,0,5,5,5,1,-3,3,0,Omega(2250),sss
-203338,2252,9,9,55,18,18,0,5,5,5,1,3,3,0,Omega(2250),SSS
204126,2881.63,0.24,0.24,5.6,0.8,0.6,0,5,1,5,1,3,3,0,Lambda(c)(2880),udc
-204126,2881.63,0.24,0.24,5.6,0.8,0.6,0,5,-1,5,1,-3,3,0,Lambda(c)(2880),UDC
220553,10513.4,0.7,0.7,-1,-1,-1,0,1,1,1,0,0,0,0,chi(b1)(3P),bB
300553,10579.4,1.2,1.2,20.5,2.5,2.5,0,-1,-1,-1,0,0,0,0,Upsilon(4S),bB
9000111,980,20,20,75,25,25,1,-1,1,1,0,0,0,0,a(0)(980),Maybe non-qQ
9000113,1354,25,25,330,35,35,1,-1,-1,1,0,0,0,0,pi(1)(1400),Maybe non-qQ
9000115,1706,14,14,380,60,50,1,-1,1,1,0,0,0,2,a(2)(1700),(uU-dD)/sqrt(2)
9000211,980,20,20,75,25,25,1,-1,1,5,2,3,0,0,a(0)(980),Maybe non-qQ
-9000211,980,20,20,75,25,25,1,-1,1,5,2,-3,0,0,a(0)(980),Maybe non-qq
9000213,1354,25,25,330,35,35,1,-1,-1,5,2,3,0,0,pi(1)(1400),Maybe non-qQ
-9000213,1354,25,25,330,35,35,1,-1,-1,5,2,-3,0,0,pi(1)(1400),Maybe non-qq
9000215,1706,14,14,380,60,50,1,-1,-1,5,2,3,0,2,a(2)(1700),uD
-9000215,1706,14,14,380,60,50,1,-1,-1,5,2,-3,0,2,a(2)(1700),Ud
9000221,600,200,200,450,350,350,0,1,1,1,0,0,0,0,f(0)(500),Maybe non-qQ
9000311,845,17,17,468,30,30,2-Jan,5,1,5,1,0,0,2,K(0)*(700),dS
-9000311,845,17,17,468,30,30,2-Jan,5,1,5,1,0,0,2,K(0)*(700),Ds
9000313,1650,50,50,150,50,50,2-Jan,5,1,5,1,0,0,2,K(1)(1650),dS
-9000313,1650,50,50,150,50,50,2-Jan,5,1,5,1,0,0,2,K(1)(1650),Ds
9000321,845,17,17,468,30,30,2-Jan,5,1,5,2,3,0,2,K(0)*(700),uS
-9000321,845,17,17,468,30,30,2-Jan,5,1,5,2,-3,0,2,K(0)*(700),Us
9000323,1650,50,50,150,50,50,2-Jan,5,5,5,2,3,0,2,K(1)(1650),uS
-9000323,1650,50,50,150,50,50,2-Jan,5,5,5,2,-3,0,2,K(1)(1650),Us
9000325,-1,-1,-1,-1,-1,-1,2-Jan,5,5,5,2,3,0,2,K(2)(1580),uS
-9000325,-1,-1,-1,-1,-1,-1,2-Jan,5,5,5,2,-3,0,2,K(2)(1580),Us
9000329,-1,-1,-1,-1,-1,-1,2-Jan,5,5,5,2,3,0,2,K(4)(2500),uS
-9000329,-1,-1,-1,-1,-1,-1,2-Jan,5,5,5,2,-3,0,2,K(4)(2500),Us
9000443,4039,1,1,80,10,10,0,-1,-1,-1,0,0,0,0,psi(4040),cC
9000553,10885.2,2.6,1.6,37,4,4,0,-1,-1,-1,0,0,0,0,Upsilon(10860),bB
9010111,1810,9,11,215,7,8,1,-1,-1,1,0,0,0,0,pi(1800),(uU-dD)/sqrt(2)
9010113,1661,15,11,240,50,50,1,-1,-1,1,0,0,0,0,pi(1)(1600),Maybe non-qQ
9010211,1810,9,11,215,7,8,1,-1,-1,5,2,3,0,0,pi(1800),uD
-9010211,1810,9,11,215,7,8,1,-1,-1,5,2,-3,0,0,pi(1800),Ud
9010213,1661,15,11,240,50,50,1,-1,-1,5,2,3,0,0,pi(1)(1600),Maybe non-qQ
-9010213,1661,15,11,240,50,50,1,-1,-1,5,2,-3,0,0,pi(1)(1600),Maybe non-qq
9010221,990,20,20,60,50,50,0,1,1,1,0,0,0,0,f(0)(980),Maybe non-qQ
9010315,1990,60,50,348,50,30,2-Jan,5,5,5,1,0,0,2,K(2)*(1980),dS
-9010315,1990,60,50,348,50,30,2-Jan,5,5,5,1,0,0,2,K(2)*(1980),Ds
9010321,-1,-1,-1,-1,-1,-1,2-Jan,5,5,5,2,3,0,2,K(1830),uS
-9010321,-1,-1,-1,-1,-1,-1,2-Jan,5,5,5,2,-3,0,2,K(1830),Us
9010325,1990,60,50,348,50,30,2-Jan,5,5,5,2,3,0,2,K(2)*(1980),uS
-9010325,1990,60,50,348,50,30,2-Jan,5,5,5,2,-3,0,2,K(2)*(1980),Us
9010327,-1,-1,-1,-1,-1,-1,2-Jan,5,5,5,2,3,0,2,K(3)(2320),uS
-9010327,-1,-1,-1,-1,-1,-1,2-Jan,5,5,5,2,-3,0,2,K(3)(2320),Us
9010443,4191,5,5,70,10,10,0,-1,-1,-1,0,0,0,0,psi(4160),cC
9010553,11000,4,4,24,8,6,0,-1,-1,-1,0,0,0,0,Upsilon(11020),bB
9020113,1655,16,16,250,40,40,1,-1,1,1,0,0,0,2,a(1)(1640),(uU-dD)/sqrt(2)
9020213,1655,16,16,250,40,40,1,-1,1,5,2,3,0,2,a(1)(1640),uD
-9020213,1655,16,16,250,40,40,1,-1,1,5,2,-3,0,2,a(1)(1640),Ud
9020221,1408.8,2,2,50.1,2.6,2.6,0,1,-1,1,0,0,0,0,eta(1405),x(uU+dD)+y(sS)
9020321,-1,-1,-1,-1,-1,-1,2-Jan,5,5,5,2,3,0,2,K(0)*(1950),uS
-9020321,-1,-1,-1,-1,-1,-1,2-Jan,5,5,5,2,-3,0,2,K(0)*(1950),Us
9020325,-1,-1,-1,-1,-1,-1,2-Jan,5,5,5,2,3,0,2,K(2)(2250),uS
-9020325,-1,-1,-1,-1,-1,-1,2-Jan,5,5,5,2,-3,0,2,K(2)(2250),Us
9020443,4421,4,4,62,20,20,0,-1,-1,-1,0,0,0,0,psi(4415),cC
9030221,1522,25,25,108,33,33,0,1,1,1,0,0,0,0,f(0)(1500),Maybe non-qQ
9050221,1982,50,3,440,50,50,0,1,1,1,0,0,0,2,f(0)(2020),x(uU+dD)+y(sS)
9050225,1936,12,12,464,24,24,0,1,1,1,0,0,0,0,f(2)(1950),x(uU+dD)+y(sS)
9060225,2010,60,80,200,60,60,0,1,1,1,0,0,0,0,f(2)(2010),x(uU+dD)+y(sS)
9080225,2297,28,28,150,40,40,0,1,1,1,0,0,0,0,f(2)(2300),x(uU+dD)+y(sS)
9090225,2346,21,10,331,27,18,0,1,1,1,0,0,0,0,f(2)(2340),x(uU+dD)+y(sS)
